"variable","h1","h3","h12"
"CPI",3.22622308560196,2.9327416998679,1.53471179694121
"INDPRO",8.11653726709714,4.78767729482451,6.67776199246468
