"variable","horizon","beta_full","beta_small","delta_beta","se_delta","t_stat","p_value","interpretation"
"CPI","h=1",1.42088638142909,2.39074937791495,-0.969862996485856,1.25082196503472,-0.775380528642168,0.438974827522385,"More overreaction in Full model"
"CPI","h=3",0.801830821179314,0.709617926073739,0.0922128951055752,0.870887190833363,0.105883857376907,0.915774152459768,"Less overreaction in Full model"
"CPI","h=12",-0.20158469410794,-0.569996384085229,0.368411689977289,0.401868662417667,0.916746500612667,0.360312287165143,"Less overreaction in Full model"
"INDPRO","h=1",0.200270840018128,0.815654997780829,-0.615384157762702,0.715332592437916,-0.86027697363183,0.390603648216981,"More overreaction in Full model"
"INDPRO","h=3",0.233319844345403,0.900300796284116,-0.666980951938713,0.622930127886507,-1.07071551379552,0.285509122418777,"More overreaction in Full model"
"INDPRO","h=12",0.232620993231482,0.131597524324391,0.101023468907091,0.725690378499283,0.139210153393526,0.889415619736929,"Less overreaction in Full model"
