"variable","horizon","beta_full","beta_small","delta_beta","se_delta","t_stat","p_value","interpretation"
"CPI","h=1",0.925743747867762,2.26084498873517,-1.33510124086741,1.23604894037411,-1.08013622863778,0.281303034988873,"More overreaction in Full model"
"CPI","h=3",0.689387385062282,0.691692683910512,-0.00230529884822961,0.881415821067162,-0.00261544981736146,0.997915623240395,"More overreaction in Full model"
"CPI","h=12",-0.0272482943659494,-0.517794888698289,0.49054659433234,0.384463640047795,1.27592454327113,0.203371807079084,"Less overreaction in Full model"
"INDPRO","h=1",0.107764407625882,0.718386854334534,-0.610622446708653,0.659543601503596,-0.925825745737787,0.355584315440015,"More overreaction in Full model"
"INDPRO","h=3",0.188913265838585,0.892286520199241,-0.703373254360656,0.603104358687761,-1.16625463608166,0.244815674340713,"More overreaction in Full model"
"INDPRO","h=12",0.223730392112703,0.144870250858152,0.0788601412545507,0.661928457731468,0.119136955562867,0.905279139235595,"Less overreaction in Full model"
