"variable","horizon","beta_full","beta_small","delta_beta","se_delta","t_stat","p_value","interpretation"
"CPI","h=1",0.90512574039799,2.58216001189956,-1.67703427150158,1.27244483300746,-1.31796226288087,0.18893194762847,"More overreaction in Full model"
"CPI","h=3",0.67300849161114,0.929991505716151,-0.256983014105011,0.928192681851873,-0.27686386580025,0.782153127998187,"More overreaction in Full model"
"CPI","h=12",-0.0661449810744426,-0.49272726443962,0.426582283365177,0.415479503864659,1.0267228091813,0.305715563199473,"Less overreaction in Full model"
"INDPRO","h=1",0.0771967123675086,0.713832516693132,-0.636635804325623,0.669421171406534,-0.951024305054432,0.342669917022147,"More overreaction in Full model"
"INDPRO","h=3",0.171319055030628,0.969562182913135,-0.798243127882507,0.637891678829712,-1.25137723907448,0.212169494159778,"More overreaction in Full model"
"INDPRO","h=12",0.160659062059156,0.236552014531324,-0.0758929524721678,0.7047088704958,-0.107694050195186,0.914339762534601,"More overreaction in Full model"
