"variable","horizon","beta_full","beta_small","delta_beta","se_delta","t_stat","p_value","interpretation"
"CPI","h=1",1.50854983084182,2.34039154751717,-0.831841716675353,1.30680055529883,-0.636548334252226,0.525102557018216,"More overreaction in Full model"
"CPI","h=3",0.625528190567053,0.648922748861006,-0.0233945582939532,1.0500797830501,-0.0222788388764142,0.982246385457539,"More overreaction in Full model"
"CPI","h=12",-0.51448956960391,-0.572068991052695,0.0575794214487849,0.383767823656195,0.150037126354732,0.880877301371457,"Less overreaction in Full model"
"INDPRO","h=1",0.387920768902148,0.821990718728292,-0.434069949826143,0.760202855324531,-0.5709922644803,0.568606820439438,"More overreaction in Full model"
"INDPRO","h=3",0.273999796400417,0.835197725333433,-0.561197928933016,0.629916663006967,-0.89090821356286,0.373983642973076,"More overreaction in Full model"
"INDPRO","h=12",0.183566371333249,0.0796593024754374,0.103907068857812,0.625953891180508,0.165997959788779,0.868316013293561,"Less overreaction in Full model"
