"model","variable","rel_h1_rw","rel_h3_rw","rel_h12_rw","rel_h1_ar1","rel_h3_ar1","rel_h12_ar1"
"Small","CPI",0.863649664500652,0.824859723242511,0.571167160666307,1.08594797451098,0.918902738668252,0.885969277479244
"Small","INDPRO",0.95322722196669,0.973750492303418,1.18222963814815,0.940991018066007,1.15518937267144,0.760128508862451
"Medium","CPI",0.861322065463912,0.827202545845721,0.592454683388619,1.0830212652638,0.921512668630453,0.918989542691284
"Medium","INDPRO",0.915097344443834,0.895326884979466,1.13001163062376,0.903350598822694,1.06215309853012,0.726554324190968
"Full","CPI",0.874424208315764,0.817143143482525,0.550288419294721,1.0994958221085,0.910306384555181,0.853583095847091
"Full","INDPRO",0.944510012603481,0.929930249269895,1.0754441136771,0.932385708099662,1.10320410595239,0.69146949468698
