"model","variable","rel_h1_rw","rel_h3_rw","rel_h12_rw"
"Small","CPI",0.863649664500652,0.824859723242511,0.571167160666307
"Small","INDPRO",0.95322722196669,0.973750492303418,1.18222963814815
"Medium","CPI",0.861322065463912,0.827202545845721,0.592454683388619
"Medium","INDPRO",0.915097344443834,0.895326884979466,1.13001163062376
"Full","CPI",0.874424208315764,0.817143143482525,0.550288419294721
"Full","INDPRO",0.944510012603481,0.929930249269895,1.0754441136771
