"model","variable","rel_h1_rw","rel_h3_rw","rel_h12_rw","rel_h1_ar1","rel_h3_ar1","rel_h12_ar1"
"Small","CPI",0.858769358697908,0.818017265900772,0.563828911270002,1.07981150689069,0.911280166474003,0.874586509065138
"Small","INDPRO",0.952216840218263,0.97443977498445,1.18470836567616,0.939993606191715,1.15600708935984,0.761722236002203
"Medium","CPI",0.753362184974669,0.779457380781949,0.590896158553007,0.947273150762384,0.868324033400692,0.916572027789115
"Medium","INDPRO",0.908859077660553,0.870069440650122,1.03141499777765,0.89719241022286,1.03218943586631,0.663160454602683
"Full","CPI",0.810581143851097,0.796736522781809,0.570946677722231,1.01921993086264,0.887573186266458,0.885627274072689
"Full","INDPRO",0.926834648840751,0.897647891433675,1.02948572933215,0.914937236047572,1.06490657800048,0.661920008669547
