"model","variable","rel_h1_ar1","rel_h3_ar1","rel_h12_ar1"
"Small","CPI",1.07508914067414,0.90114771678169,0.850088450201824
"Small","INDPRO",0.942393337705892,1.16091340000608,0.748423438285956
"Medium","CPI",0.924328843647243,0.852405222960132,0.879090738195216
"Medium","INDPRO",0.901249538697094,1.0372325786444,0.654522689588583
"Full","CPI",0.969626091861459,0.865460336505784,0.866835421784615
"Full","INDPRO",0.914660737203316,1.06257746017174,0.65701673126549
