"model","variable","rel_h1_rw","rel_h3_rw","rel_h12_rw","rel_h1_ar1","rel_h3_ar1","rel_h12_ar1"
"Small","CPI",0.852194747110371,0.80696510107514,0.547282917753491,1.07154462920851,0.898967934175203,0.848921094576149
"Small","INDPRO",0.95427979725823,0.976197675956377,1.16088298251151,0.942030081861452,1.15809253993166,0.74640342450092
"Medium","CPI",0.736352756326433,0.766836834839641,0.569186264557197,0.92588559589218,0.854264607412129,0.882896598909099
"Medium","INDPRO",0.913816672497197,0.874758923767662,1.01961830560544,0.902086366359433,1.03775271013782,0.655575632042813
"Full","CPI",0.771813836798312,0.776720692356109,0.558807041125106,0.970474148514004,0.865275332611301,0.866796805856925
"Full","INDPRO",0.9265649542536,0.894875763284894,1.02193160614371,0.914671003424036,1.06161791935284,0.657062995945698
