"model","variable","rel_h1_rw","rel_h3_rw","rel_h12_rw"
"Small","CPI",0.858769358697908,0.818017265900772,0.563828911270002
"Small","INDPRO",0.952216840218263,0.97443977498445,1.18470836567616
"Medium","CPI",0.753362184974669,0.779457380781949,0.590896158553007
"Medium","INDPRO",0.908859077660553,0.870069440650122,1.03141499777765
"Full","CPI",0.810581143851097,0.796736522781809,0.570946677722231
"Full","INDPRO",0.926834648840751,0.897647891433675,1.02948572933215
