"model","variable","rel_h1_ar1","rel_h3_ar1","rel_h12_ar1"
"Small","CPI",1.08594797451098,0.918902738668252,0.885969277479244
"Small","INDPRO",0.940991018066007,1.15518937267144,0.760128508862451
"Medium","CPI",1.0830212652638,0.921512668630453,0.918989542691284
"Medium","INDPRO",0.903350598822694,1.06215309853012,0.726554324190968
"Full","CPI",1.0994958221085,0.910306384555181,0.853583095847091
"Full","INDPRO",0.932385708099662,1.10320410595239,0.69146949468698
