"model","variable","rel_h1_ar1","rel_h3_ar1","rel_h12_ar1"
"Small","CPI",1.07154462920851,0.898967934175203,0.848921094576149
"Small","INDPRO",0.942030081861452,1.15809253993166,0.74640342450092
"Medium","CPI",0.92588559589218,0.854264607412129,0.882896598909099
"Medium","INDPRO",0.902086366359433,1.03775271013782,0.655575632042813
"Full","CPI",0.970474148514004,0.865275332611301,0.866796805856925
"Full","INDPRO",0.914671003424036,1.06161791935284,0.657062995945698
