"model","variable","rel_h1_rw","rel_h3_rw","rel_h12_rw"
"Small","CPI",0.852194747110371,0.80696510107514,0.547282917753491
"Small","INDPRO",0.95427979725823,0.976197675956377,1.16088298251151
"Medium","CPI",0.736352756326433,0.766836834839641,0.569186264557197
"Medium","INDPRO",0.913816672497197,0.874758923767662,1.01961830560544
"Full","CPI",0.771813836798312,0.776720692356109,0.558807041125106
"Full","INDPRO",0.9265649542536,0.894875763284894,1.02193160614371
