"model","variable","h1","h3","h12"
"Small","CPI",3.46847740472289,2.64283348674641,1.30464077296821
"Small","INDPRO",7.64897064575393,5.55807872646665,4.99779359045569
"Medium","CPI",2.9820910540625,2.49988434256038,1.34915092648996
"Medium","INDPRO",7.31502546778907,4.96593486622807,4.3707467397404
"Full","CPI",3.12823008196545,2.53817161845222,1.33034254781936
"Full","INDPRO",7.42387796026126,5.08727798005655,4.38740135645807
