"model","variable","h1","h3","h12"
"Small","CPI",3.45704202000529,2.63644074739972,1.30284921851826
"Small","INDPRO",7.64602226615504,5.54457335873644,4.98430441917773
"Medium","CPI",2.98711348409368,2.50533743687883,1.35499182582507
"Medium","INDPRO",7.32181761069659,4.96842508796946,4.37777803884151
"Full","CPI",3.13096610191579,2.53762904981623,1.33028328349958
"Full","INDPRO",7.42396128642433,5.08268400826441,4.38771030098116
