"model","variable","h1","h3","h12"
"Small","CPI",3.50351042513002,2.6949043798152,1.35970750187488
"Small","INDPRO",7.63758866613643,5.53067393076164,5.07595726587053
"Medium","CPI",3.49406820819191,2.70255863024908,1.41038409243392
"Medium","INDPRO",7.33207880059892,5.08524627346016,4.85175685154331
"Full","CPI",3.54721880380934,2.66969349364096,1.31000404686613
"Full","INDPRO",7.56774334709967,5.28178524962541,4.61746871056947
