"variable","h1","h3","h12"
"CPI",4.05663380550919,3.26710627744263,2.3805771681423
"INDPRO",8.01234846228858,5.67976496492316,4.29354594241227
