"variable","h1","h3","h12"
"CPI",3.02370114403867,2.65210677245441,1.42086805383954
"INDPRO",7.78495389357054,4.56838155713084,6.13884993311593
