"model","variable","rel_h1","rel_h3","rel_h12"
"Small","CPI",1.06918544676392,0.92379349150271,0.931528671117608
"Small","INDPRO",0.942110250130246,1.13910903416825,0.781375671464811
"Medium","CPI",0.944260683163367,0.877671957385481,0.959175487838646
"Medium","INDPRO",0.905532338237145,1.02686626851933,0.690694368482868
"Full","CPI",1.00670286484982,0.893349643332167,0.933600848187446
"Full","INDPRO",0.916047375361527,1.05119335319316,0.69517425970752
