"model","variable","rel_h1","rel_h3","rel_h12"
"Small","CPI",0.837136125088555,0.782917621347323,0.55651448509929
"Small","INDPRO",0.924804335173475,0.911199485294853,1.07019867539689
"Medium","CPI",0.833046775355818,0.780492476924324,0.565262078610051
"Medium","INDPRO",0.891414254028503,0.840337006072997,1.02393849929786
"Full","CPI",0.843751233865675,0.769258355589412,0.532133657312628
"Full","INDPRO",0.914443722097853,0.869104601912144,0.989443587260756
