"model","variable","rel_h1","rel_h3","rel_h12"
"Small","CPI",0.831874565554519,0.77509521000382,0.548623595928982
"Small","INDPRO",0.924374924287944,0.911322549128168,1.06989727014576
"Medium","CPI",0.734677457455314,0.736397621742898,0.564906182258062
"Medium","INDPRO",0.888485595483676,0.821524856155736,0.945732054799643
"Full","CPI",0.783260294904058,0.74955175131081,0.549844004136163
"Full","INDPRO",0.898802685913794,0.840987278235461,0.951866138015749
