"model","variable","rel_h1","rel_h3","rel_h12"
"Small","CPI",0.831450034023668,0.774995354723967,0.548530081173213
"Small","INDPRO",0.923513210451357,0.911017271888031,1.07029747818569
"Medium","CPI",0.733132096129025,0.736302639866463,0.565526580135727
"Medium","INDPRO",0.888548279002823,0.821932218019229,0.947861697860612
"Full","CPI",0.785976775570685,0.751741131986997,0.551998172811392
"Full","INDPRO",0.899000463757408,0.842424201439682,0.952002730797694
