"model","variable","rel_h1","rel_h3","rel_h12"
"Small","CPI",1.06955167145868,0.924355937276446,0.932907749019492
"Small","INDPRO",0.941664891407719,1.1384234418932,0.782399974183295
"Medium","CPI",0.943504340808641,0.878907773965286,0.961072077393951
"Medium","INDPRO",0.905423848240439,1.02711073509399,0.69087081430547
"Full","CPI",1.00917202536502,0.895090853344391,0.934898796274741
"Full","INDPRO",0.916409609876013,1.05168396450141,0.695508821157479
