"model","variable","rel_h1","rel_h3","rel_h12"
"Small","CPI",1.07594798418724,0.933116594772758,0.944926909103174
"Small","INDPRO",0.942547899817777,1.13895521033887,0.781595796085243
"Medium","CPI",1.07069205570714,0.930226198076963,0.959779777661914
"Medium","INDPRO",0.908517186875633,1.05038054449481,0.74781070552553
"Full","CPI",1.08445020113931,0.916836864691854,0.903529783136691
"Full","INDPRO",0.93198850500977,1.08633864554589,0.722618113856015
