"model","variable","h1","h3","h12"
"Small","CPI",3.23400461259808,2.4514906414093,1.32553881776115
"Small","INDPRO",7.3308177628032,5.20075265615029,4.80303602918503
"Medium","CPI",2.85287515470854,2.33095725969616,1.36555661220626
"Medium","INDPRO",7.04868291269102,4.6922337393345,4.24115225219089
"Full","CPI",3.05143460762804,2.37387651411665,1.32836783319982
"Full","INDPRO",7.13420656050972,4.8044936273585,4.26962428024413
