"model","variable","h1","h3","h12"
"Small","CPI",3.23289725856956,2.44999897516364,1.32357933002661
"Small","INDPRO",7.33428485992417,5.20388470325534,4.79674798851018
"Medium","CPI",2.85516210795181,2.32767974217535,1.36286180869589
"Medium","INDPRO",7.0495275023133,4.69111692274349,4.2400690777646
"Full","CPI",3.04396860415341,2.36925863925097,1.32652362022704
"Full","INDPRO",7.13138658151579,4.80225232770616,4.26757045770943
