"model","variable","h1","h3","h12"
"Small","CPI",3.25334515071307,2.47472484048642,1.34261645835804
"Small","INDPRO",7.33769194256313,5.20318197731015,4.79809930052159
"Medium","CPI",3.23745279375479,2.46705919983443,1.36372042480103
"Medium","INDPRO",7.07276441134321,4.79853910743916,4.59069769959878
"Full","CPI",3.27905331383792,2.43154925808513,1.28379660455149
"Full","INDPRO",7.2554875408388,4.96280943311034,4.43604415991336
