"variable","h1","h3","h12"
"CPI",3.88627972585572,3.16090067844899,2.41254539514546
"INDPRO",7.93431828061957,5.71025561502206,4.48337249038564
