"model","variable","rel_h1","rel_h3","rel_h12"
"Small","CPI",0.854606662498118,0.813816433270172,0.550877581078288
"Small","INDPRO",0.945081782004467,0.94656588741426,1.13036151565909
"Medium","CPI",0.853494423136336,0.814394863947001,0.55066216621463
"Medium","INDPRO",0.91358382708981,0.880507870517639,1.08154389668915
"Full","CPI",0.875075599861294,0.819108552297913,0.563344386637394
"Full","INDPRO",0.939974860950833,0.917193402138439,1.07091472290071
