"model","variable","rel_h1","rel_h3","rel_h12"
"Small","CPI",0.8507633681854,0.808857749972101,0.543246242235719
"Small","INDPRO",0.946152517041141,0.95218633448025,1.12472334744719
"Medium","CPI",0.736738333104283,0.760586234679199,0.547973975598064
"Medium","INDPRO",0.91080842991695,0.865369722425927,1.00725347285649
"Full","CPI",0.782030201138049,0.780177130086521,0.557417862286782
"Full","INDPRO",0.929982433075001,0.898989914933133,1.02180718071635
