"model","variable","rel_h1","rel_h3","rel_h12"
"Small","CPI",1.06978535175531,0.901492661681557,0.844726930118083
"Small","INDPRO",0.934715523803189,1.12968829753523,0.723737617983272
"Medium","CPI",0.924661429927347,0.846520163111972,0.851483732041918
"Medium","INDPRO",0.898318361211589,1.02620327892436,0.647916414699951
"Full","CPI",0.983632280342653,0.870301385742634,0.864589843444462
"Full","INDPRO",0.921046300469737,1.06771150801584,0.659281618684352
