"model","variable","rel_h1","rel_h3","rel_h12"
"Small","CPI",1.07457735733622,0.906600393052928,0.854496977588989
"Small","INDPRO",0.932950137921151,1.12293946171741,0.726779286906839
"Medium","CPI",1.07317883414823,0.907244771143033,0.854162835564979
"Medium","INDPRO",0.901856509897197,1.04457285784724,0.695391422217572
"Full","CPI",1.10031487798098,0.912495871436614,0.873834935851138
"Full","INDPRO",0.927908772409655,1.08809400273406,0.688557269391808
