"model","variable","rel_h1","rel_h3","rel_h12"
"Small","CPI",0.850795601462619,0.809231441074488,0.544579021505873
"Small","INDPRO",0.946870124132846,0.952254722816961,1.12563080090632
"Medium","CPI",0.735379182500028,0.759884978116097,0.548935000283152
"Medium","INDPRO",0.909999669985507,0.865023494585233,1.00770590705417
"Full","CPI",0.782278441370539,0.78123236548587,0.557384255384262
"Full","INDPRO",0.933023152658699,0.900012267394838,1.0253822352504
