"model","variable","rel_h1","rel_h3","rel_h12"
"Small","CPI",1.06974482182338,0.901076365713014,0.842659581768364
"Small","INDPRO",0.934007128352206,1.12960716640317,0.723154160064021
"Medium","CPI",0.926370417849666,0.847301370580571,0.849993032988257
"Medium","INDPRO",0.899116739409066,1.02661401938123,0.647625516788962
"Full","CPI",0.98332014454414,0.869125841985218,0.864641972987605
"Full","INDPRO",0.918044613410471,1.06649866067124,0.656982995147621
