"model","variable","h1","h3","h12"
"Small","CPI",3.45105349278602,2.64054065113624,1.29310774188389
"Small","INDPRO",7.5824877352266,5.40108505297761,4.82189604079778
"Medium","CPI",2.98523695635784,2.48256087406352,1.30499118430724
"Medium","INDPRO",7.30131477944331,4.90697667923538,4.31289758736599
"Full","CPI",3.19096371416092,2.55344353837143,1.3278348501052
"Full","INDPRO",7.45835747828958,5.10859300436833,4.40370700137633
