"model","variable","h1","h3","h12"
"Small","CPI",3.45123543986975,2.64262423249197,1.29323960094546
"Small","INDPRO",7.58090366500506,5.40819458265953,4.82905136476824
"Medium","CPI",2.98867762788533,2.48491606185687,1.30449433504492
"Medium","INDPRO",7.29771452288456,4.91509663114006,4.32468906136363
"Full","CPI",3.17241015086576,2.54892159922285,1.3269762360746
"Full","INDPRO",7.45134331760388,5.10605142265646,4.38717607469239
