"model","variable","h1","h3","h12"
"Small","CPI",3.45136619847178,2.64384512103841,1.29641238484616
"Small","INDPRO",7.58665338308281,5.40858301233839,4.83294755788561
"Medium","CPI",2.98316405159733,2.48262498213746,1.30678212846826
"Medium","INDPRO",7.2912344564915,4.91313013838061,4.32663160837732
"Full","CPI",3.17341717058477,2.55236916542024,1.32689623224977
"Full","INDPRO",7.47570662248457,5.11185814435026,4.40252573558096
