"variable","comparison","h1_improvement_pct","h3_improvement_pct","h12_improvement_pct"
"CPI","Oil (Medium vs Small)",13.5933706675307,4.97273874446809,-4.0021981489241
"CPI","Sentiment (Full vs Medium)",-4.81577344108693,-1.28891272137894,1.82351965927504
"INDPRO","Oil (Medium vs Small)",4.24017409540559,10.3912101705564,12.1687266532625
"INDPRO","Sentiment (Full vs Medium)",-1.39505900254215,-2.29970097710875,-0.226879070878588
