"model","variable","h1","h3","h12"
"Small (baseline)","CPI",3.45704202000529,2.63644074739972,1.30284921851826
"Medium (+oil)","CPI",2.98711348409368,2.50533743687883,1.35499182582507
"Full (+oil+sentiment)","CPI",3.13096610191579,2.53762904981623,1.33028328349958
"Small (baseline)","INDPRO",7.64602226615504,5.54457335873644,4.98430441917773
"Medium (+oil)","INDPRO",7.32181761069659,4.96842508796946,4.37777803884151
"Full (+oil+sentiment)","INDPRO",7.42396128642433,5.08268400826441,4.38771030098116
